,tweet_text,sentiment
0,RT Iâ€™m going to let this naughty video speak for itself and not add anything more except-turn your volume down if youâ€™reâ€¦,1
1,RT ......@OHFCSO was first last night..........ğŸ˜€ğŸ™ğŸ’™ğŸ‡ºğŸ‡¸#LivePD #LivePDNation,1
2,RT Look at my frienddddğŸ˜ https://t.co/KRPKitQj9A,1
3,RT,1
4,RT Negative â„ï¸ 5x7 canvas â€¢ $24 shipped Look at that color shift ğŸ˜ğŸ’™ https://t.co/kf6fIsYRUH,1
5,RT So sleepy! ğŸ™‚ https://t.co/CKIe4IMPWb,1
6,RT Tag somebody you want to explore with ğŸ˜ https://t.co/TQhwpRISVN,1
7,RT Rt for Anitta ğŸ¤¢ Fav for Pabllo Vittar ğŸ˜ https://t.co/1J7G1shqQ7,1
8,RT [EVENTğŸ‰] GIVE AWAY â£ï¸ Just RT âœ… you can get one free ğŸ˜ Let's have our super cute bag together! ğŸ›ğŸ’• ğŸ€ RANDOM THE LUCKIESâ€¦,1
9,RT Im #online now #SexySaturday ğŸ˜š https://t.co/4aDaFq2MPs #follow https://t.co/3kz9LnuWrk,1
10,I love it!!!! And everyone clapping! ğŸ˜†ğŸ˜†ğŸ˜†,1
11,Aww de Jungkook!!! ğŸ˜ğŸ’œğŸ˜Š,1
12,RT Have a nice Sunday everyone. Keep being positive. ğŸ˜ŠğŸ˜Š My greedy self still misses Jaehwan ğŸ˜­ğŸ˜­ https://t.co/HB6JpvmpVI,1
13,Thank you for sharing! ğŸ˜Š,1
14,RT ASS for dayyysss ğŸ˜ğŸ‘ğŸ‘ğŸ‘ğŸ‘ğŸ’¦ https://t.co/906e7PHxn7,1
15,Thank youğŸ˜Š,1
16,RT Bringing this back to the time line because the violinist was cold and this lil hoe was throwing her liâ€™ass ğŸ˜­ğŸ˜ğŸ™ğŸ¼ https://â€¦,1
17,Chief called and said......this WAS it ğŸ˜ğŸ˜ğŸ˜ğŸ˜ğŸ˜ğŸ˜ğŸ˜ğŸ˜,1
18,RT Tsubasa Hanekawa has always been a beautiful GODDESS!! ğŸ˜ğŸ’˜ https://t.co/IVdIED0QuX,1
19,"RT So much Chocolate, So little time...ğŸ˜ğŸ˜ğŸ˜ğŸ’ğŸ’ğŸ’ #LoveRomanceandChocolate #love #chocolate #romance #hallmarkâ€¦",1
20,RT ğŸ˜ Bae #LonePraesto (#NextModels) on ğŸ”¥ #lastnight with her big sis ! #ModelNightOut ğŸ¥ https://t.co/DXl4Me81E0 https://tâ€¦,1
21,"RT [FA] 190216 GOT7 Osaka Hitouch Even though OP didnâ€™t put on her name plate, Youngjae still remembers her name and called â€œâ€¦",1
22,RT Future is here ğŸ˜ https://t.co/41SeuNBMwH,1
23,"RT I think,, to celebrate 2 years of spring day you should release the full footage of this moment ğŸ˜Š https://t.co/tâ€¦",1
24,RT Good boy ğŸ˜€ğŸ™‚ https://t.co/GGfPMeuEQj,1
25,ğŸ˜‚ğŸ¤£ thats fine! I feel great!! ThankiesğŸ˜Š,1
26,RT Flipping adorable/ amazing as partners &amp; lovers on-screen (go as far as to say: in life) can get!! Just can't deny/ fake/ manâ€¦,1
27,RT Next Show: March 7 is Korean Friendship Concert in Manila at the MOA Arena ğŸ« FREE ENTRANCE ğŸ« 70 years of Friendship! ğŸ˜ yey!â€¦,1
28,He's so handsome ğŸ˜ https://t.co/LjhJ8XSCk7,1
29,RT #RakulPreetSingh #RakulPreet hot mood outğŸ˜˜ğŸ˜ https://t.co/iCv1CZymUO,1
30,That dress...and mustard yellow ğŸ˜ğŸ˜ğŸ˜,1
31,"RT I meant to behave but there were too many other options ğŸ¤£ğŸ¤ªğŸ˜˜ #naughty #Teaser Good night friends, good night #TwitterWorldâ€¦",1
32,RT The guy in line behind me at the grocery store is wearing airpods. How cool is it that the rich and powerful go shopping juâ€¦,1
33,RT Have a nice weekend #deppheads ğŸ¤— #JohnnyDepp https://t.co/4pu7VTvDGZ,1
34,I'd take them allğŸ˜ğŸ’• https://t.co/7v9ChR6Tou,1
35,baby Gracie's screenshots ğŸ˜ŠğŸ’“ğŸ’–ğŸ’—ğŸ’•ğŸ’ğŸ’ She's so adorable! https://t.co/BiTxdTAnM3,1
36,RT Tbh studying is much more fun when you have a clearer goal instead of just doing it for the sake of graduating. Find yâ€¦,1
37,RT this is so appreciated ğŸ˜ https://t.co/9bFdseKmjH,1
38,Good luck for your exams shivani ğŸ’•ğŸ˜˜ Please go to the Philippines,1
39,should follow me back ğŸ˜âœŒğŸ»ğŸ’œ,1
40,So i dropped a 20 bomb in the share the love event! Check it out hereğŸ˜ https://t.co/QhcAZ3ePTf via,1
41,RT I need to make $800 by the end of Feb on circle pay. $15 = 1 video #FOLLOW â©,1
42,RT Thiccc and beautiful ğŸ˜ https://t.co/yrvCOVPtv9,1
43,"RT We are on snapchat, add us you won't regret it ğŸ˜œğŸ˜ username- itsfoodporn https://t.co/N1etzP0ho8",1
44,I love how cardi dance ğŸ˜,1
45,RT Nicki with black curly hair &gt;&gt;&gt; ğŸ˜ğŸ˜ https://t.co/8hJQKm0uZx,1
46,RT Stray kitten becomes a man's best friend ğŸ™‚ https://t.co/SMjKzwIc8S,1
47,RT This week on LLP's channel there's a BLOCK PARTY going on! All cube games all week! No stream Wednesday ğŸ˜† Button Drop Partâ€¦,1
48,It's called Blue Chips from 1994 25 years later ğŸ˜ğŸ‘,1
49,My phone os on silent mode anyway ğŸ˜,1
50,Good morning indeed! ğŸ˜,1
51,Thank you baby ğŸ˜˜,1
52,Extra pancakes ğŸ˜†,1
53,RT Tentacles and cumflation were so close yall get both! Along with a bonus image! Thanks for 1000 followers and following meâ€¦,1
54,Meh. I just did what I wanted to do: assist you ğŸ˜€,1
55,https://t.co/WVCI0uYim7,1
56,RT Let em know Bestie ğŸ˜ğŸ˜ !! Buut thank youuuu ğŸ˜˜â™¥ï¸,1
57,RT Happy Sana day again! Love how she instantly leaned in for kisses and didnâ€™t let a single member pass before they kissed heâ€¦,1
58,"Woman, u r Beautiful ğŸ˜˜",1
59,RT ğŸ”» ğŸ”» `Â·.Â·â˜… ğ–ğğğ¤ğğ§ğ ğ…ğ®ğ§ â˜…Â·.Â·Â´ Letâ€™s have Fun &amp; Grow your Patriot Follows! âœ”ï¸Follow me âœ”ï¸I Followback âœ”ï¸Retweet âœ”ï¸Foâ€¦,1
60,This guy complemented my intelligence before saying anything about my appearance .........I think Iâ€™m in love ğŸ˜,1
61,"Thank you for taking the time to take a pic with my girls, they were so excited! ğŸ˜ğŸ˜ https://t.co/3eMm3IDiND",1
62,Awesome ğŸ¤—,1
63,"RT Today area wise #Viswasam paper ad..! #Updated ğŸ˜Š Chengalpat, Vellore, Salem, pondy area ğŸ‘( 2/2 ) #Thala #Ajith #Viswaâ€¦",1
64,"RT Alabama was fun, today love and , Great conversation with coach Saban ğŸ˜ğŸ™ğŸ¾ #RollTide ğŸ˜",1
65,"Take care always mom, love kitaaa mwah ğŸ˜˜ğŸ˜Šâ¤ï¸",1
66,RT going live with a game with some bright colors tonight ğŸ˜„,1
67,Nahhhh fam you knew better than that ğŸ¤—,1
68,RT Thanks to MEGA Alum Heavyn Beals for helping with 13U-14U tryouts 2019 ğŸ€ğŸ˜ŠğŸ‘@beals2002,1
69,When you close a door god opens a window ğŸ˜˜,1
70,yassğŸ˜ https://t.co/SJBrjVEMVS,1
71,Of course ğŸ˜Š.,1
72,Hi Romeo we would love to hear Low Key by Ally Brooke feat. Tyga onâ€¦ https://t.co/KL1SeDQ423,1
73,"RT And after seeing this, news is Pakistan army offering you the position of their media advisorğŸ˜Š. You haveâ€¦",1
74,RT PRE / 190216 LY Tour Fukuoka #íƒœí˜• #ë·” #íƒœíƒœ #ë‹˜ì¤€ #ë°©íƒ„ì†Œë…„ë‹¨ #BTS It's not HD but I want to share this moment when Taehyung hugâ€¦,1
75,RT Â© love jeno ğŸ˜ â™¡ https://t.co/5ngxuXUBTS https://t.co/K84TKob2MO,1
76,RT Lynnzee Brown just had the biggest DLO dismount weâ€™ve ever seen on bars! Stunning! ğŸ˜²ğŸ˜ğŸ’ªğŸ½,1
77,Brutal face fuck her!!! ğŸ˜ˆğŸ˜ğŸ‘Œ https://t.co/J3RZU2sfzS,1
78,Huge game tomorrow for the Tonka Boyz as they take on 6th place Agave Come out and show your support for your favoâ€¦ https://t.co/QTP1hoH2qd,1
79,Today is our last fansign! Lets meet and have fun belbel yorobun!ğŸ˜ See you in Gangnam fansign!:) https://t.co/n72w97vD70,1
80,RT,1
81,RT Can you feel the #Love tonight ğŸ¶ğŸ’˜ This #ValentinesDay we are giving you the chance to #WIN a Â£60 Pizza Express voucher. To enâ€¦,1
82,RT My one and only icon pack ğŸ™‚ Enjoy ğŸ™‚ https://t.co/imF4sU50HL,1
83,RT I love the way Jared says this ğŸ”¥ğŸ”¥â¤â¤ His voice is warm &amp; beautiful ğŸ˜ğŸ˜ #JaredPadalecki https://t.co/IiX5iSRLy5,1
84,"OMG, watch out for the GIANT poison ivy!ğŸ˜‰ğŸ¤—",1
85,BREAKING: to hire as Campaign Comm. Director Willie Brown is reportedly inconsolableâ€¦ https://t.co/34VXWQt59W,1
86,Infinite or shinee lightstick please ğŸ˜„ bismillah ğŸ™‡,1
87,"I'm only in my third semester of Hebrew, but I can try. ğŸ™‚",1
88,RT [EVENTğŸ‰] GIVE AWAY â£ï¸ Just RT âœ… you can get one free ğŸ˜ Let's have our super cute bag together! ğŸ›ğŸ’• ğŸ€ RANDOM THE LUCKIESâ€¦,1
89,RT If we aren't like this in 50 years I don't want you ğŸ˜‚ğŸ˜ https://t.co/ADiwYSiQAz,1
90,RT Happy Birthday Annie ğŸ˜˜â¤ï¸ labyah!!! https://t.co/IRvutNBUP6,1
91,Awww that's so sweet of you to help Will out like thatâ¤ğŸ˜Š,1
92,RT ğŸ˜Š I know you're happy when you don't need people's validation and approval behind those smiles and eye sparks. You've waited foâ€¦,1
93,RT #svengoolie it's synchronized swimming (at it's finest! ğŸ˜),1
94,Thank you Gail &amp; Clayton! Looks AMAZING. Now to get someone in the U.S. to buy it for me ğŸ˜,1
95,happy b day!!! ğŸ˜,1
96,RT If you feel this right now Sad Feel that you are alone Depressed Lack of motivation Any kind of problems Hey cheerâ€¦,1
97,RT he was away for solat jumaat and I was sleeping and when he finished his solat he send this... this is just beautiful :') bâ€¦,1
98,RT Good Night ğŸ˜˜,1
99,RT I love sunflowers ğŸ˜ğŸ˜ https://t.co/aODDYk3BW5,1
100,..The greatest gift of life is Friendship; and I have received..ğŸ˜˜ Thank you so much dearies..ğŸ˜˜ #JanuaryBirthdayGift https://t.co/y2OKL0E9WJ,1
101,https://t.co/3H2Mo9yEJI,1
102,RT S/O to my for slaying my hair Thanks booğŸ˜ğŸ¥° https://t.co/AxFcGbeDen,1
103,"RT Good morning NCTZENS, donâ€™t worry, we are doing all we can to make sure you all get to watch NCT Dream this coming March 7â€¦",1
104,RT 5. #JehadiSympathizers Litfest Participants: Lahori kebabs and Karachi halwa is lou. ğŸ˜ Crossing at Wagah border is so photoâ€¦,1
105,me: when your favorite artist retweeted your tweet twice!!!! ğŸ˜ğŸ˜ğŸ˜ğŸ˜ https://t.co/plE20GiLj0,1
106,RT This just made my day....Iâ€™ve made it!!ğŸ˜®ğŸ¤— https://t.co/Zpxk8FZtR6,1
107,"RT Gon to Hyunsuk: Don't worry Hyunsuk-ah, Hyung is always here ğŸ™‚ You have worked really hard, you deserve it. Take care of yourâ€¦",1
108,"RT It's live! ğŸ˜ Friends, this is a phenomenal resource--a list of 1,400 (!) books in Black Women's Studies PLUS a wonderfullâ€¦",1
109,Great memories with Leadership Rockland crew at Time Nyack Grand Opening! ğŸ™‚ https://t.co/YXVwh9aDOF,1
110,RT,1
111,"RT #RRBC #IAN1 #SFFBC ğŸ˜² ""I must admit that at first 'Tales from the Riverside' didn't really seem at all like the kind of booâ€¦",1
112,RT the only road blocks in your life are the ones created by your mind. you have the power to get through them all! ğŸ™‚,1
113,"RT Got me looking so crazy right now, your love'sğŸ˜ğŸ˜ #SarMel #iÃ§erde https://t.co/hLBlt7tSJ3",1
114,His hole so pretty ğŸ˜ https://t.co/ky1vCUMsat,1
0,RT You killed this !! ğŸ˜­ğŸ˜seriously wow you even got the blink down!!! ğŸ˜­ you have to seeâ€¦,0
1,RT Iâ€™m killing every feature I get on ğŸ˜¬ğŸ”¥ yâ€™all make this bit go Viral ğŸ¤§ https://t.co/ECSzOVDMwL,0
2,RT spot on ğŸ˜­ğŸ˜­,0
3,"RT Omarionâ€™s son Megaa is busting it down &amp; Omarion joins in. Bruh, I canâ€™t take it ğŸ˜© https://t.co/S5z9mxwoUN",0
4,My favorite circus trick is when the animals finally snap and turn on their handlers because of all the torture theyâ€™ve been put through ğŸ˜¡,0
5,"RT ""As I am a celebrity, ill act more carefully from now on. For the past year,I've been doing my best to bring u all happiness.Bâ€¦",0
6,RT New items now in the shop! I've also listed one of my paintings that I finally decided to part ways with ğŸ˜­ https://t.co/Egâ€¦,0
7,RT #EXO MV 24hr UPDATE LOVESHOT: 911K ğŸ˜±ğŸ˜± Tempo: 406K Growl: 117K EXOLS! Our views went back to 900K!! Call 911!! I can't bâ€¦,0
8,RT i still ğŸ¤š ğŸ˜£/ _/|| _/Â¯ Â¯\_ wonder ğŸ‘‹ \ ğŸ˜© || \_ _/Â¯ Â¯\_ wonder ğŸ¤š ğŸ˜³/ _/â€¦,0
9,41 freaking days til florida ğŸ˜­,0
10,Does not help the case that is #bffs with Bad couple weeks for all #democrats ğŸ˜¬ğŸ˜¬ğŸ˜¬ â€¢â€¦ https://t.co/UCPj4qrzIq,0
11,RT My grandma going around telling people i fix phones just cuz i took her phone off silent ğŸ˜­ğŸ˜­,0
12,I want some cheese fries from Mickeys ğŸ˜©,0
13,RT jiyong is so soft when he is interacting with his fans ğŸ˜­ğŸ˜ğŸ’• https://t.co/10zj8AStBM,0
14,RT Cob walk around singing all day. I just want to take a nap ğŸ˜­,0
15,"RT If you don't believe me or think that I was being bias when I said Dowoon has improved a lot, here's a video of him playing Fiâ€¦",0
16,RT I got off-white but she gonna choose a mans who still wears boot cut jeans ğŸ˜,0
17,RT Yo I am weakkkkkkkkkkk ğŸ˜­ğŸ˜­ğŸ˜­ #JussieSmollett https://t.co/T9e4GCn14V,0
18,RT I didn't expect the Lonzo Ball and T-Pain battle to go like this ğŸ˜‚ğŸ˜­ https://t.co/g0ZvCJeUaB,0
19,RT YOU DO NOT WANT THE SMOKE ğŸ˜¤ğŸ˜¤ https://t.co/pgz6bd5WqY,0
20,i really do. iâ€™m so obsessed ğŸ˜© https://t.co/XXz0Gc6iY9,0
21,"RT Lisa made sure to remind rosÃ© sheâ€™s pretty, didnâ€™t let jisoo goof around alone and answered ALL jennieâ€™s questions patientlâ€¦",0
22,I miss u too ğŸ˜¢,0
23,yâ€™all ever look at your top 25 most played songs EVER in Apple Music ğŸ˜­ğŸ˜­ğŸ˜­ğŸ˜­ğŸ˜­ğŸ˜­ğŸ˜­ğŸ˜­ğŸ˜­ğŸ˜­ğŸ˜­ğŸ˜­ğŸ˜­ğŸ˜­ it say a lot about you,0
24,I feel like Kim when she wanted to dress like Kylie when Iâ€™m asking my niece where she got her thrasher hoodie from ğŸ˜­ğŸ˜­,0
25,RT jisoo is really pushing herself to speak english ğŸ˜­ â€œone chicken pleaseâ€ â€œhave a good dayâ€ ğŸ˜­ https://t.co/hOZmzZMqhW,0
26,My back cramping up ğŸ˜© and my stomach hurting a lul,0
27,RT If you ain't gassing your girl up like this then you don't deserve her ğŸ˜¤ https://t.co/shac5NAFGA,0
28,RT Hildegarde can have my heart any day of the year ğŸ˜¤ #DragaliaLost #cutiesaturday https://t.co/RxhEM0LF6A,0
29,Why did i wake up feeling the worstğŸ˜­,0
30,"RT The time the KKK try to rally in Anaheim , we donâ€™t fuck around in California ğŸ˜©ğŸ˜‚ https://t.co/jPdi3eBCFy",0
31,RT Nobodyâ€™s nastier than a drunk mf who love the shit outta you ğŸ˜­,0
32,nigga what ğŸ˜³,0
33,"So sorry , what a tribute, I know itâ€™s heartbreaking. No words will help. ğŸ˜so sorry https://t.co/8kqp4qTJAu",0
34,RT woojin walking pass the bodyguard nim and he smiled so widely greeting him ğŸ˜­ğŸ˜­ğŸ’• https://t.co/j146BZ0ble,0
35,omg ğŸ˜­ i remember!,0
36,pretty sure Iâ€™m developing a ganglion on my wrist and Iâ€™m not happy about it whatsoever ğŸ˜ ğŸ™…ğŸ¼â€â™€ï¸,0
37,"Yup itâ€™s official , I have burnt all my hair off ğŸ˜© i just want my curls to come back",0
38,"I feel so fucking useless right now. I'm trying to be strong for someone, but its hard. I just want to be there with her... ğŸ˜­ğŸ˜­ğŸ˜­",0
39,RT Lmao Uber in Atlanta different different ğŸ˜‚ this is the most Gangsta response I have ever heard ğŸ˜­ https://t.co/jeangZflmx,0
40,RT WAIT FOR IT ğŸ’•â¤ï¸ğŸ˜­ğŸ˜­ğŸ˜­ğŸ±ğŸ±ğŸ±â¤ï¸ğŸ’• https://t.co/fTTdEF3fFF,0
41,Beyond frustrated with life I just want to cry. ğŸ™„ğŸ˜,0
42,RT Lost in the lasers ğŸ˜µ https://t.co/Dezr0mWL8I,0
43,RT I thought having 70+ cousins was normal.. People really be out here with 3 cousins ğŸ˜­ğŸ˜­,0
44,RT wasn't really a fan of flowers so last year my boyfriend gave me a bouquet of chicken and now he gave me a bouquet of socksâ€¦,0
45,RT I miss pop up video ğŸ˜© thatâ€™s how I got hip to all my fav oldies ğŸ˜­,0
46,Lmfao what is this ğŸ˜‚ğŸ˜‚ğŸ˜‚ğŸ˜©ğŸ˜©ğŸ˜©,0
47,RT WOW. ğŸ˜± pulled up from half-court to win the #TacoBellSkills challenge! https://t.co/C9aM8mSVnF,0
48,RT A 5-year-old battling cancer gets a surprise birthday visit from his dad dressed as Spider-Man. ğŸ˜­ https://t.co/p65OHIZRTv,0
49,"I have 2 friends I can tell stuff to, but one NEVER cares what I have to say. She always thinks her problems are waâ€¦ https://t.co/1qLGYTjka5",0
50,thanks for making that game! it works well in the genre and folks have a blast playing it! ğŸ’€ğŸ”ªğŸ˜±,0
51,Weâ€™ve all be there ğŸ˜Ÿ,0
52,AAAKKK THANK YOU SO MUCH FOR THE THREADğŸ˜­ğŸ˜­ğŸ˜­ i love this so much T__T i'll always support kim doyoung! once again thâ€¦ https://t.co/j2XvannaJ9,0
53,RT last first game of this little munchkin huhu ğŸ˜¢ https://t.co/po7cfxM2Qi,0
54,RT The biggest glow-up is from being just a background for a Korean fashion show to becoming global artists whom every dâ€¦,0
55,Sis i said global warming will be the death of us ğŸ˜­ğŸ˜­ğŸ˜­ğŸ˜­ğŸ¤£,0
56,RT WOW. ğŸ˜± pulled up from half-court to win the #TacoBellSkills challenge! https://t.co/C9aM8mSVnF,0
57,This is still a moodğŸ˜­ https://t.co/br5AIbsVWf,0
58,"RT Sistahh, you have to learn how to put your needs &amp; your life BEFORE your emotions. Chasing love can leave you unfocused &amp;â€¦",0
59,yup i have too much stuff ğŸ˜­,0
60,RT Itâ€™s 10x worse to see it ğŸ˜­ğŸ˜­ https://t.co/OiuLp8b1bP,0
61,"RT So Iâ€™m not very good at these but as a single dad, Iâ€™m tryingğŸ˜­ my baby girl turned 7 months on the 10th of February (,: myâ€¦",0
62,RT WOW. ğŸ˜± pulled up from half-court to win the #TacoBellSkills challenge! https://t.co/C9aM8mSVnF,0
63,Yikes ğŸ˜¬ https://t.co/3GWAHSRaXT,0
64,Holy crap! ğŸ˜¨ https://t.co/h82PbRY6Cv,0
65,"RT With my homies, our team, GOT7 ğŸ˜¢ https://t.co/DqwcAYuKqM",0
66,I truly happy for the winners yesterday.. I really hope i can have the eye contact with them tooğŸ˜­ .. Please make thâ€¦ https://t.co/P7p8uI8Uhw,0
67,RT Sheeeesh ğŸ˜§ https://t.co/ISdmnXnp3Y,0
68,RT WOW. ğŸ˜± pulled up from half-court to win the #TacoBellSkills challenge! https://t.co/C9aM8mSVnF,0
69,Ummm thats arm doing the post match interviews! Tough one for America but awesome job AC! Hâ€¦ https://t.co/ubpIk47IQD,0
70,"RT Omarionâ€™s son Megaa is busting it down &amp; Omarion joins in. Bruh, I canâ€™t take it ğŸ˜© https://t.co/S5z9mxwoUN",0
71,RT â€œLuck will find you â€œ Me : Well do the bitch need my address ğŸ˜­ğŸ’€,0
72,can this girl on my main make this mf gc already so i can make friends who are going to the same college as me ğŸ˜¤,0
73,Mood ğŸ˜‚ğŸ˜­ğŸ¤­ https://t.co/h4OO2TDWAK,0
74,"RT ""NO HE DIDN'T!"" hit the half-court bomb to defeat Trae Young and win the #TacoBellSkills challenge! ğŸ˜± https://t.câ€¦",0
75,Slay queenğŸ™ğŸ¼ğŸ˜© https://t.co/XrR0OwXG84,0
76,RT This is unbelievable ğŸ˜­ğŸ˜­https://t.co/v9XCLGpZqG,0
77,"RT The time the KKK try to rally in Anaheim , we donâ€™t fuck around in California ğŸ˜©ğŸ˜‚ https://t.co/jPdi3eBCFy",0
78,RT MONTY - REMEMBER MONTY - STILL MISSING ğŸ’™STILL POSSIBLY ON #MountSnowdon ğŸ” #Snowdonia MOUNTAIN RESCUE NEVER FOUND MONTY hâ€¦,0
79,RT Aw. Emma was so excited and enthusiastic about everything. ğŸ˜¢ #LoveRomanceAndChocolate,0
80,number 23 ğŸ˜³ğŸ˜³ğŸ˜³ why no 765,0
81,RT If you ain't gassing your girl up like this then you don't deserve her ğŸ˜¤ https://t.co/shac5NAFGA,0
82,Still got a ring though. Something I donâ€™t know if the lions will ever get.. ğŸ˜¢,0
83,RT I didn't expect the Lonzo Ball and T-Pain battle to go like this ğŸ˜‚ğŸ˜­ https://t.co/g0ZvCJeUaB,0
84,RT MY LITTLE SISTER IS THE 5TH FASTEST 60M RUNNER IN THE US!!! Sheâ€™s 17 everyone. Wow ğŸ˜­ğŸ˜« My sister is SO TALENTED!!! https://t.câ€¦,0
85,im nt bouta playğŸ˜­ğŸ˜­ğŸ˜­ğŸ˜­ğŸ’€ https://t.co/sFGxxoimHu,0
86,ğŸ˜¡ğŸ˜¡ğŸ˜¡im jUST GULLIBLE AND I CANT TELL EMOTIONS THROUGH TEXTING SORRY,0
87,I miss him ğŸ˜ but what can I do ğŸ¤¡ https://t.co/nZDtgS0hnh,0
88,She used to hide them bitches in her shoes ğŸ˜­ğŸ˜­ğŸ˜­ğŸ˜­ğŸ˜­ğŸ˜­ğŸ˜­ğŸ˜­ğŸ˜­ğŸ˜­ğŸ˜­ğŸ˜­ğŸ˜­ğŸ˜­ğŸ˜­,0
89,I think people really take my nicest for guarantee because yâ€™all be having me fucked up frğŸ˜‚ğŸ˜­,0
90,Itâ€™s sweep szn!!! ğŸ‘€ğŸ˜¤âš¾ï¸ #RSBS,0
91,AND an Aries like excuse tf outta me im chill asf ğŸ˜­ https://t.co/kjMWwWmTTj,0
92,Me - A MUSIC ğŸ˜­ğŸ’€,0
93,"RT Happy anniversary to our very very special fandom color we belong ğŸ’› Pearl Metal Gold fam, let us promise to stay with INFâ€¦",0
94,RT i just read that lele pons asked some kpop boy for his number at an award show &amp; he gave her HIS MANAGERS NUMBER ğŸ˜­ a verâ€¦,0
95,Read it slower man. Youâ€™ll get it by this time next week! ğŸ˜­ğŸ¤¦ğŸ½â€â™‚ï¸,0
96,RT A 5-year-old battling cancer gets a surprise birthday visit from his dad dressed as Spider-Man. ğŸ˜­ https://t.co/p65OHIZRTv,0
97,Iâ€™m so proud of him and you ğŸ˜¢ğŸ’—,0
98,"RT my dad handed me his phone telling me the operator on the line was being racist, making fun of his accent, &amp; wouldnâ€™t let hâ€¦",0
99,RT ğŸ˜­ğŸ˜­ğŸ˜­ğŸ˜­ğŸ˜­ğŸ˜­ğŸ˜­ğŸ˜­ğŸ˜­ the internet has peaked https://t.co/TSgpSmPvda,0
100,"RT This happened in the Polish League, the weirdest thing I have ever seen in my entire life on a football pitch. What is goiâ€¦",0
101,I know how it be...why I cop packs at a time ğŸ˜­ğŸ‘€ https://t.co/ny2VRIh792,0
102,RT If you ain't gassing your girl up like this then you don't deserve her ğŸ˜¤ https://t.co/shac5NAFGA,0
103,Bruh! ğŸ˜‚ğŸ˜­,0
104,Bihhhhh you always losing something lmao you mustâ€™ve been drunk ğŸ˜­ğŸ˜­ğŸ˜­,0
105,RT You ğŸ¤š ğŸ˜£/ _/|| _/Â¯ Â¯\_ Almost ğŸ‘‹ \ ğŸ˜© || \_ _/Â¯ Â¯\_ Made me ğŸ¤š ğŸ˜–/ _/||â€¦,0
106,RT Yâ€™all remember when Sebi had peopleâ€™s scalps falling off ğŸ˜­ğŸ˜­ https://t.co/tnytd9JaUG,0
107,Damn wtf happened ğŸ˜§,0
108,Why is she such a lil dork. Omg sheâ€™s adorable I love her too much ğŸ˜­,0
109,"RT My new tech pet peeve is unnecessary overuse of ""AI"" ... Stop calling everything AI! Not all software optimization is ""AI enhancâ€¦",0
110,RT GO HARD OR GO HOME ğŸ˜¤ https://t.co/4v3uL1yiLv,0
111,RT Rip to our homie Ray ğŸ˜­ğŸ™ğŸ½ https://t.co/FyZkcKLInK,0
112,My heart is full of love today ğŸ˜­ğŸ˜­ Li yeup mariage bi leu,0
113,HAPPY MF BIRTHDAY TO THE ONE AND ONLY Yaâ€™ll already know I gotta tweet my favorite imaginary uncle ğŸ˜©â¤ï¸,0
114,RT I thought having 70+ cousins was normal.. People really be out here with 3 cousins ğŸ˜­ğŸ˜­,0
115,RT JEONGGUK IS SO CUTE HERE LIKE ğŸ˜­ Iâ€˜M MORE THAN READY TO GIVE HIM THE ENTIRE WORLD https://t.co/5H7S6YtMTl,0
116,RT Lmao Uber in Atlanta different different ğŸ˜‚ this is the most Gangsta response I have ever heard ğŸ˜­ https://t.co/jeangZflmx,0
117,RT I didn't expect the Lonzo Ball and T-Pain battle to go like this ğŸ˜‚ğŸ˜­ https://t.co/g0ZvCJeUaB,0
118,It still is ğŸ˜©,0
119,RT If you ain't gassing your girl up like this then you don't deserve her ğŸ˜¤ https://t.co/shac5NAFGA,0
120,Exactly what Iâ€™m saying fab been doing her mother dirty since the 90â€™s ğŸ˜­ğŸ˜­ğŸ˜­ğŸ˜­ https://t.co/QelbcCVVZY,0
121,RT I canâ€™t stand this pain anymore ğŸ’” itâ€™s really hurt ğŸ˜,0
122,RT Little kids are ruthless â˜ ï¸ğŸ¤£ğŸ˜­ https://t.co/LEvxlLMxI2,0
123,"RT DOOOO NOTTTT ğŸ—£ Wear A Bodysuit If You Fat, Out here Looking Like A Bag Of Water ğŸ˜­",0
124,"RT Lets Gain 500 FOLLOWERS ğŸ¤–ğŸ¤–ğŸ¤–ğŸ¤–ğŸ¤–ğŸ¤–ğŸ¤–ğŸ¤–ğŸ¤– 333 Retweets = 333 Followers 555 Likes = 555 Followers REPLY With â€œ Hey"" andâ€¦",0
125,RT Tell me Lucas isnâ€™t listening to this song in his bed thinking about eliott ğŸ˜¤ğŸ˜¤ https://t.co/kExrMWHznR,0
126,RT Bro this duck wanted all the smokeğŸ˜­ğŸ˜­ https://t.co/X8ntAUF4Gq,0
127,spot on ğŸ˜­ğŸ˜­,0
128,use any of these ğŸ˜ˆğŸ¤¤ğŸ˜‚ğŸ¤ªğŸ˜‰ğŸ˜ğŸ˜± and i will murder you,0
129,RT Donovan Mitchell got me CRINE my boy is asking god for the strength to resist ğŸ˜­ğŸ˜­ğŸ˜­ https://t.co/zck9ERmNbP,0
130,Guy show house 2mrw come chop mac and cheese ğŸ˜©ğŸ˜©,0
131,Lmao come naps donâ€™t start wit me ğŸ¤£ğŸ˜­,0
132,RT Win for RosÃ©nators ğŸ˜­ğŸ˜­ğŸ˜­ Chaeng has new dress and shoes ğŸ˜­ğŸ˜­ğŸ˜­ beautiful ğŸ˜­ğŸ˜­ #ROSÃ‰,0
133,"even without miso paste, butter cookies work..., and without adding too much salt, ğŸ˜±I would eat it with toasted bread",0
134,RT My favorite stripper just posted pics from her baby shower. Gotta unfollow her ğŸ˜¢,0
135,showed them!!! No Oscar but got the Bun ğŸ˜³ ğŸ¤ª in a museum #SuperSoulConversations,0
136,"Hooters fries , Bdubs wings ğŸ˜­ğŸ’¯",0
137,"RT I made the softest compilation ever, Taehyung with dogs and puppies ğŸ˜­ğŸ’˜ğŸ¶ https://t.co/YCHN422OQB",0
138,"RT Part of the lyrics of the song #Jungkook sang during his final ment today ğŸ˜­ ""Even the sadness of that day, even the pain of tâ€¦",0
139,"RT We also pranked Kathryn, Billy, and Sarah! ğŸ˜±ğŸ˜±ğŸ˜± #iWantASAP ğŸ¤­âœŒ#sarahg #billycrawford #kathrynbernardo https://t.co/KjywVdMJâ€¦",0
140,the same day as show me the bodyğŸ˜¢ğŸ˜¢ğŸ˜¢ğŸ˜¢ğŸ˜¢ https://t.co/NOV69CIhaF,0
141,ğŸ˜­ğŸ˜­ too cute https://t.co/QW6aSU9ueA,0
142,Jacob was telling me where the Gatorade was and he said â€œby the Pepsiâ€ so now I bought a Pepsi for nothing becauseâ€¦ https://t.co/gvtjRO1MSJ,0
143,"RT Yâ€™ALL I THINK I DID SOMETHING ,MAYBE WE CAN ALL BE HOBI FLOWERS FOR HOSEOKS BIRTHDAY ğŸ˜¤ğŸ˜¤ğŸ˜¤ ğŸ¤©ğŸ¥ºğŸŒ¸ğŸŒ¼ğŸŒ»ğŸŒˆ https://t.co/xwhHIChQw9",0
144,"RT Woke up. Vaguely thought about getting up &amp; doing some housework. Remembered the National Emergency, saidâ€¦",0
145,RT Naked by James Arthur is a big moodâ€¼ï¸ğŸ˜­ğŸ˜­ğŸ˜©,0
146,Well I think thats enuf for one day ğŸ˜¨ğŸ˜´,0
147,RT Why's wizkid pained that politician are paying davido ğŸ˜‚ğŸ˜‚ğŸ˜‚ Baba sef no dey country and he's asking his fans to go n voteâ€¦,0
148,Last night I learned if I decide to be stupid a celestial being will come down and make sure Iâ€™m safe lol I love you ğŸ˜­ğŸ’–,0
149,He is hell ğŸ˜¢ https://t.co/9IgJluRbbb,0
150,"RT With this statement it is proved that whatever is happening in India like terriost acttak, intolerance game, linching bothâ€¦",0
151,"RT Omarionâ€™s son Megaa is busting it down &amp; Omarion joins in. Bruh, I canâ€™t take it ğŸ˜© https://t.co/S5z9mxwoUN",0
152,"RT THIS IS THE LAST DAY! ğŸ˜­ â€œNick Horton sweats pantsâ€ will be GONE TONIGHT! If you havenâ€™t not got your pair, CLICK THE Lâ€¦",0
153,RT AHHHH Dispatchâ€™s photos of Hyunjin during his graduation ğŸ˜­ğŸ’• https://t.co/OZ4gEMFUQY,0
